output,parameter,S1,S1_conf,ST,ST_conf
decares_per_day_offgrid,span_m,0.004088531144790623,0.02150611901506399,0.029886859286718147,0.017049397207282543
decares_per_day_offgrid,width_m,0.09988126608952987,0.06769745933634909,0.14830368780058129,0.044408575962934786
decares_per_day_offgrid,implement_weight_N,0.009370771279784373,0.02208929161972953,0.026834061534843308,0.014169033794755261
decares_per_day_offgrid,draft_load_N,0.15635100496170087,0.061513108188128565,0.17596505161757073,0.057827452683906974
decares_per_day_offgrid,system_weight_N,0.0020555514909088315,0.0018438224884632802,0.0001789981691886376,9.695613026139749e-05
decares_per_day_offgrid,winch_efficiency,0.0690865667088719,0.03853308488775204,0.07406261061504134,0.02919336465512129
decares_per_day_offgrid,solar_power_W_m2,0.10927891898588489,0.07913471068948445,0.11996639761184116,0.04952362506787543
decares_per_day_offgrid,solar_area_m2,0.15067962148916522,0.08598414390603949,0.2362855705842943,0.08529835109684394
decares_per_day_offgrid,solar_hours_per_day,0.1298429118018501,0.06740422291312125,0.17422355747567927,0.05902869562605461
decares_per_day_offgrid,wind_power_W,0.0022845939404114507,0.007242925536516416,0.001326796928899791,0.0006841150744546496
decares_per_day_offgrid,wind_hours_per_day,-0.0005125749635832756,0.004529276899632177,0.000943881313127414,0.0004563277942338042
decares_per_day_offgrid,setup_time_s,0.038607388241789255,0.039776754361662496,0.06830869032916813,0.03734907504840509
decares_per_day_offgrid,operation_time_ratio,0.009605237045233993,0.02244351798081954,0.024967941850455463,0.010977227465026388
decares_per_day_offgrid,battery_Wh,0.0,0.0,0.0,0.0
decares_per_day_offgrid,operating_hours_per_day,-0.002445523880770397,0.026762569914917867,0.03371518139366808,0.017764895603015668
decares_per_day_offgrid,operating_days_per_year,0.0,0.0,0.0,0.0
decares_per_day_offgrid,fuel_l_per_decare,0.0,0.0,0.0,0.0
decares_per_day_offgrid,fuel_price_usd_per_l,0.0,0.0,0.0,0.0
decares_per_day_offgrid,cost_cabletract_usd,0.0,0.0,0.0,0.0
decares_per_day_offgrid,shape_efficiency,0.0890109076733633,0.04951755737240565,0.09934667176608064,0.029174706476872096
payback_months_vs_fuel,span_m,0.0011341464146306871,0.0019842744122753075,0.000198534501841691,9.427286079705555e-05
payback_months_vs_fuel,width_m,0.05041817136169622,0.041256168534583325,0.08712677427900949,0.029763227645402294
payback_months_vs_fuel,implement_weight_N,0.010926404602648624,0.016574316564489076,0.026538381582101943,0.010038960080039318
payback_months_vs_fuel,draft_load_N,0.0642491800050553,0.04113558919407084,0.08287909915480725,0.02643497567060756
payback_months_vs_fuel,system_weight_N,0.00027500256698683345,0.0011205500779904326,9.176355666179113e-05,3.33361816323587e-05
payback_months_vs_fuel,winch_efficiency,0.04448483364714655,0.038555827409169054,0.09491946554480413,0.03856041614014388
payback_months_vs_fuel,solar_power_W_m2,0.07354923641764201,0.04216220946645737,0.07134982499589489,0.022389294523973324
payback_months_vs_fuel,solar_area_m2,0.10163790598682691,0.06976165529850166,0.2645575075795689,0.15707844571042456
payback_months_vs_fuel,solar_hours_per_day,0.04887413528392177,0.03716085022116799,0.07491425294385709,0.027779087209616804
payback_months_vs_fuel,wind_power_W,-0.0006492197923668836,0.00727233747772793,0.004267304766869749,0.003285625850638252
payback_months_vs_fuel,wind_hours_per_day,0.0017658043005791472,0.007502450018927977,0.001978431299127141,0.001019035696347249
payback_months_vs_fuel,setup_time_s,0.0,0.0,0.0,0.0
payback_months_vs_fuel,operation_time_ratio,0.0,0.0,0.0,0.0
payback_months_vs_fuel,battery_Wh,0.0,0.0,0.0,0.0
payback_months_vs_fuel,operating_hours_per_day,0.0,0.0,0.0,0.0
payback_months_vs_fuel,operating_days_per_year,0.04223201743997357,0.04872893240951606,0.06999120205163283,0.021890543509203237
payback_months_vs_fuel,fuel_l_per_decare,0.178525177204288,0.0770155352328094,0.28530684321437794,0.0893951213514559
payback_months_vs_fuel,fuel_price_usd_per_l,0.04955006204826707,0.04345695948972151,0.07143739987309937,0.024553513993769836
payback_months_vs_fuel,cost_cabletract_usd,0.06081254994775363,0.04245799503542043,0.08908735071920502,0.030958086366778097
payback_months_vs_fuel,shape_efficiency,0.062294114754916946,0.0380563215779154,0.059235348819651534,0.02280469976545135
energy_per_decare_Wh,span_m,0.001232960870888774,0.00458607699082741,0.0005683135406589146,0.0001500933180762506
energy_per_decare_Wh,width_m,0.24438230842690062,0.09920207429454085,0.23973102927500795,0.047720605135903316
energy_per_decare_Wh,implement_weight_N,0.055159103877984034,0.04418916090885812,0.06329397683963736,0.016430393677131373
energy_per_decare_Wh,draft_load_N,0.256047061856577,0.08681147518619753,0.2449688528972902,0.05975760646826271
energy_per_decare_Wh,system_weight_N,0.00042713092772313915,0.0027707394389594048,0.00023351526293452157,7.47844374553627e-05
energy_per_decare_Wh,winch_efficiency,0.19245662816205744,0.07188359169951318,0.22285781476317726,0.053412350521172054
energy_per_decare_Wh,solar_power_W_m2,0.0,0.0,0.0,0.0
energy_per_decare_Wh,solar_area_m2,0.0,0.0,0.0,0.0
energy_per_decare_Wh,solar_hours_per_day,0.0,0.0,0.0,0.0
energy_per_decare_Wh,wind_power_W,0.0,0.0,0.0,0.0
energy_per_decare_Wh,wind_hours_per_day,0.0,0.0,0.0,0.0
energy_per_decare_Wh,setup_time_s,0.0,0.0,0.0,0.0
energy_per_decare_Wh,operation_time_ratio,0.0,0.0,0.0,0.0
energy_per_decare_Wh,battery_Wh,0.0,0.0,0.0,0.0
energy_per_decare_Wh,operating_hours_per_day,0.0,0.0,0.0,0.0
energy_per_decare_Wh,operating_days_per_year,0.0,0.0,0.0,0.0
energy_per_decare_Wh,fuel_l_per_decare,0.0,0.0,0.0,0.0
energy_per_decare_Wh,fuel_price_usd_per_l,0.0,0.0,0.0,0.0
energy_per_decare_Wh,cost_cabletract_usd,0.0,0.0,0.0,0.0
energy_per_decare_Wh,shape_efficiency,0.19878299645733125,0.0798529206290944,0.18871784319561064,0.04537507793157304
surplus_power_W,span_m,-0.11445579267789609,0.17810320342581884,0.4727133035305027,0.27450865200602387
surplus_power_W,width_m,-2.001370691284348e-17,2.994089469388896e-17,1.1842295954488935e-32,1.0856940316283834e-32
surplus_power_W,implement_weight_N,0.0326558292652192,0.06490793351533684,0.0476132677304841,0.04472038064975578
surplus_power_W,draft_load_N,-0.0238493358266057,0.07909589062342287,0.1913399800403432,0.16567879258706072
surplus_power_W,system_weight_N,0.0004430898979563666,0.0006313935000753847,8.910830494402243e-05,8.123995604522157e-05
surplus_power_W,winch_efficiency,0.00412175804022474,0.01582274674713772,0.11967172531422955,0.1062735225808401
surplus_power_W,solar_power_W_m2,0.10386024607427756,0.29181809460156416,0.3514472817949484,0.2625234001403018
surplus_power_W,solar_area_m2,-0.022730757667545474,0.07038722411624306,0.2581499129180443,0.17558102082893098
surplus_power_W,solar_hours_per_day,0.05008848780614257,0.08993360744178144,0.2913242462843593,0.23492571337658633
surplus_power_W,wind_power_W,0.00139689817716075,0.004208044009398747,0.00027987496611429213,0.000153903257306567
surplus_power_W,wind_hours_per_day,0.000941053482921197,0.00397621992372867,9.63522008131412e-05,6.858388351987169e-05
surplus_power_W,setup_time_s,-0.013567970191183665,0.24122485266191415,0.5819576133915577,0.25814751736539704
surplus_power_W,operation_time_ratio,8.86310271894834e-06,1.7009487780508763e-05,3.8892138375773e-09,3.853185821756642e-09
surplus_power_W,battery_Wh,0.0,0.0,0.0,0.0
surplus_power_W,operating_hours_per_day,-0.01858488452865461,0.021397923216048158,0.18335276775515658,0.16862082557622665
surplus_power_W,operating_days_per_year,0.0,0.0,0.0,0.0
surplus_power_W,fuel_l_per_decare,0.0,0.0,0.0,0.0
surplus_power_W,fuel_price_usd_per_l,0.0,0.0,0.0,0.0
surplus_power_W,cost_cabletract_usd,0.0,0.0,0.0,0.0
surplus_power_W,shape_efficiency,-1.1531558124457054e-17,2.091623103550399e-17,6.536947366877892e-33,5.521445973861184e-33
