site,panel_area_m2,battery_capacity_Wh,annual_grid_hours,annual_grid_kWh,annual_curtailed_kWh
SaoPaulo_BR,4.0,2000.0,4027.0,3491.8507744801345,0.0
SaoPaulo_BR,4.0,4444.444444444444,4026.0,3490.912107813468,0.0
SaoPaulo_BR,4.0,6888.888888888889,4025.0,3489.9734411468016,0.0
SaoPaulo_BR,4.0,9333.333333333332,4025.0,3489.0347744801347,0.0
SaoPaulo_BR,4.0,11777.777777777777,4024.0,3488.0961078134683,0.0
SaoPaulo_BR,4.0,14222.222222222223,4024.0,3487.1574411468014,0.0
SaoPaulo_BR,4.0,16666.666666666664,4023.0,3486.218774480135,0.0
SaoPaulo_BR,4.0,19111.11111111111,4023.0,3485.280107813468,0.0
SaoPaulo_BR,4.0,21555.555555555555,4022.0,3484.3414411468016,0.0
SaoPaulo_BR,4.0,24000.0,4021.0,3483.402774480135,0.0
SaoPaulo_BR,6.888888888888889,2000.0,2925.0,2696.6959935504433,6.261679038225388
SaoPaulo_BR,6.888888888888889,4444.444444444444,2924.0,2689.986563482148,0.0
SaoPaulo_BR,6.888888888888889,6888.888888888889,2923.0,2689.047896815481,0.0
SaoPaulo_BR,6.888888888888889,9333.333333333332,2923.0,2688.1092301488143,0.0
SaoPaulo_BR,6.888888888888889,11777.777777777777,2922.0,2687.1705634821483,0.0
SaoPaulo_BR,6.888888888888889,14222.222222222223,2921.0,2686.231896815481,0.0
SaoPaulo_BR,6.888888888888889,16666.666666666664,2921.0,2685.2932301488145,0.0
SaoPaulo_BR,6.888888888888889,19111.11111111111,2920.0,2684.354563482148,0.0
SaoPaulo_BR,6.888888888888889,21555.555555555555,2920.0,2683.415896815481,0.0
SaoPaulo_BR,6.888888888888889,24000.0,2919.0,2682.4772301488147,0.0
SaoPaulo_BR,9.777777777777779,2000.0,2309.0,1987.1241400619226,105.5208003769196
SaoPaulo_BR,9.777777777777779,4444.444444444444,2207.0,1889.1277370947882,0.0
SaoPaulo_BR,9.777777777777779,6888.888888888889,2206.0,1888.1890704281216,0.0
SaoPaulo_BR,9.777777777777779,9333.333333333332,2205.0,1887.2504037614551,0.0
SaoPaulo_BR,9.777777777777779,11777.777777777777,2205.0,1886.3117370947887,0.0
SaoPaulo_BR,9.777777777777779,14222.222222222223,2203.0,1885.3730704281218,0.0
SaoPaulo_BR,9.777777777777779,16666.666666666664,2202.0,1884.434403761455,0.0
SaoPaulo_BR,9.777777777777779,19111.11111111111,2200.0,1883.495737094789,0.0
SaoPaulo_BR,9.777777777777779,21555.555555555555,2198.0,1882.557070428122,0.0
SaoPaulo_BR,9.777777777777779,24000.0,2197.0,1881.6184037614555,0.0
SaoPaulo_BR,12.666666666666666,2000.0,1797.0,1340.8460316387586,273.44447902645163
SaoPaulo_BR,12.666666666666666,4444.444444444444,1455.0,1125.3201004575146,39.7731420870485
SaoPaulo_BR,12.666666666666666,6888.888888888889,1419.0,1103.7709889984894,15.659022923896
SaoPaulo_BR,12.666666666666666,9333.333333333332,1412.0,1099.333472775786,9.698176328080486
SaoPaulo_BR,12.666666666666666,11777.777777777777,1411.0,1098.1290377180674,7.245447315799156
SaoPaulo_BR,12.666666666666666,14222.222222222223,1409.0,1097.190371051401,5.081095463947297
SaoPaulo_BR,12.666666666666666,16666.666666666664,1409.0,1096.2517043847345,2.9167436120954493
SaoPaulo_BR,12.666666666666666,19111.11111111111,1407.0,1095.3130377180678,0.7523917602436083
SaoPaulo_BR,12.666666666666666,21555.555555555555,1405.0,1094.374371051401,0.0
SaoPaulo_BR,12.666666666666666,24000.0,1404.0,1093.4357043847344,0.0
SaoPaulo_BR,15.555555555555555,2000.0,1184.0,801.4551896753135,549.7729438839958
SaoPaulo_BR,15.555555555555555,4444.444444444444,869.0,624.1914469255014,356.28363968498087
SaoPaulo_BR,15.555555555555555,6888.888888888889,827.0,600.7299966005851,329.6805034817299
SaoPaulo_BR,15.555555555555555,9333.333333333332,822.0,598.5214661775204,326.1382612692029
SaoPaulo_BR,15.555555555555555,11777.777777777777,817.0,596.5267995108538,322.82807608401754
SaoPaulo_BR,15.555555555555555,14222.222222222223,813.0,594.5321328441873,319.51789089883226
SaoPaulo_BR,15.555555555555555,16666.666666666664,811.0,592.5374661775207,316.20770571364704
SaoPaulo_BR,15.555555555555555,19111.11111111111,804.0,590.542799510854,312.89752052846296
SaoPaulo_BR,15.555555555555555,21555.555555555555,800.0,588.5481328441873,309.587335343278
SaoPaulo_BR,15.555555555555555,24000.0,796.0,586.5534661775206,306.27715015809287
SaoPaulo_BR,18.444444444444443,2000.0,722.0,443.1305201457701,1011.9389641097567
SaoPaulo_BR,18.444444444444443,4444.444444444444,511.0,341.462355531689,900.4761118809358
SaoPaulo_BR,18.444444444444443,6888.888888888889,496.0,334.1685791729463,891.41602468612
SaoPaulo_BR,18.444444444444443,9333.333333333332,488.0,330.83384004428893,886.6517678190866
SaoPaulo_BR,18.444444444444443,11777.777777777777,486.0,328.8391733776224,883.3415826339011
SaoPaulo_BR,18.444444444444443,14222.222222222223,484.0,326.84450671095584,880.031397448716
SaoPaulo_BR,18.444444444444443,16666.666666666664,481.0,324.8498400442892,876.7212122635308
SaoPaulo_BR,18.444444444444443,19111.11111111111,478.0,322.8551733776225,873.4110270783474
SaoPaulo_BR,18.444444444444443,21555.555555555555,473.0,320.86050671095575,870.1008418931625
SaoPaulo_BR,18.444444444444443,24000.0,469.0,318.865840044289,866.7906567079772
SaoPaulo_BR,21.333333333333332,2000.0,407.0,234.17106272288578,1628.0634987402316
SaoPaulo_BR,21.333333333333332,4444.444444444444,285.0,174.84728210861817,1562.5472437334306
SaoPaulo_BR,21.333333333333332,6888.888888888889,276.0,170.05175569315912,1556.197931216657
SaoPaulo_BR,21.333333333333332,9333.333333333332,269.0,167.63306042151265,1552.4276455486365
SaoPaulo_BR,21.333333333333332,11777.777777777777,265.0,165.63839375484608,1549.117460363451
SaoPaulo_BR,21.333333333333332,14222.222222222223,261.0,163.64372708817947,1545.807275178266
SaoPaulo_BR,21.333333333333332,16666.666666666664,259.0,161.64906042151287,1542.4970899930809
SaoPaulo_BR,21.333333333333332,19111.11111111111,255.0,159.65439375484613,1539.1869048078981
SaoPaulo_BR,21.333333333333332,21555.555555555555,251.0,157.65972708817938,1535.8767196227132
SaoPaulo_BR,21.333333333333332,24000.0,248.0,155.6650604215127,1532.566534437528
SaoPaulo_BR,24.22222222222222,2000.0,231.0,115.43802653365795,2335.6907489249743
SaoPaulo_BR,24.22222222222222,4444.444444444444,118.0,63.84442535186086,2278.56227542042
SaoPaulo_BR,24.22222222222222,6888.888888888889,106.0,56.74287723472515,2269.7107692169316
SaoPaulo_BR,24.22222222222222,9333.333333333332,99.0,52.790646400059764,2264.2764909675097
SaoPaulo_BR,24.22222222222222,11777.777777777777,94.0,50.795979733393104,2260.9663057823245
SaoPaulo_BR,24.22222222222222,14222.222222222223,90.0,48.80131306672648,2257.6561205971393
SaoPaulo_BR,24.22222222222222,16666.666666666664,88.0,46.80664640005987,2254.345935411954
SaoPaulo_BR,24.22222222222222,19111.11111111111,83.0,44.81197973339321,2251.035750226772
SaoPaulo_BR,24.22222222222222,21555.555555555555,82.0,42.817313066726506,2247.725565041587
SaoPaulo_BR,24.22222222222222,24000.0,79.0,40.82264640005973,2244.4153798564016
SaoPaulo_BR,27.11111111111111,2000.0,126.0,55.15604565953772,3102.226251194026
SaoPaulo_BR,27.11111111111111,4444.444444444444,31.0,14.103719931856471,3056.5357935902052
SaoPaulo_BR,27.11111111111111,6888.888888888889,17.0,6.8095751795242885,3047.4753066627623
SaoPaulo_BR,27.11111111111111,9333.333333333332,10.0,3.657576863414722,3042.909336267676
SaoPaulo_BR,27.11111111111111,11777.777777777777,3.0,1.6629101967480469,3039.599151082491
SaoPaulo_BR,27.11111111111111,14222.222222222223,0.0,0.0,3036.6489447058107
SaoPaulo_BR,27.11111111111111,16666.666666666664,0.0,0.0,3035.503111372477
SaoPaulo_BR,27.11111111111111,19111.11111111111,0.0,0.0,3034.357278039148
SaoPaulo_BR,27.11111111111111,21555.555555555555,0.0,0.0,3033.2114447058148
SaoPaulo_BR,27.11111111111111,24000.0,0.0,0.0,3032.0656113724813
SaoPaulo_BR,30.0,2000.0,63.0,27.423737968574876,3900.685827769218
SaoPaulo_BR,30.0,4444.444444444444,5.0,2.0527515899610957,3872.010712341035
SaoPaulo_BR,30.0,6888.888888888889,0.0,0.0,3868.6375009804005
SaoPaulo_BR,30.0,9333.333333333332,0.0,0.0,3867.4916676470652
SaoPaulo_BR,30.0,11777.777777777777,0.0,0.0,3866.3458343137318
SaoPaulo_BR,30.0,14222.222222222223,0.0,0.0,3865.2000009803983
SaoPaulo_BR,30.0,16666.666666666664,0.0,0.0,3864.054167647065
SaoPaulo_BR,30.0,19111.11111111111,0.0,0.0,3862.908334313736
SaoPaulo_BR,30.0,21555.555555555555,0.0,0.0,3861.7625009804024
SaoPaulo_BR,30.0,24000.0,0.0,0.0,3860.616667647069
Palencia_ES,4.0,2000.0,3643.0,3495.704604951309,0.07899478049643613
Palencia_ES,4.0,4444.444444444444,3643.0,3494.693136694936,0.0
Palencia_ES,4.0,6888.888888888889,3642.0,3493.75447002827,0.0
Palencia_ES,4.0,9333.333333333332,3642.0,3492.8158033616032,0.0
Palencia_ES,4.0,11777.777777777777,3641.0,3491.877136694936,0.0
Palencia_ES,4.0,14222.222222222223,3641.0,3490.93847002827,0.0
Palencia_ES,4.0,16666.666666666664,3640.0,3489.999803361603,0.0
Palencia_ES,4.0,19111.11111111111,3640.0,3489.061136694936,0.0
Palencia_ES,4.0,21555.555555555555,3639.0,3488.12247002827,0.0
Palencia_ES,4.0,24000.0,3639.0,3487.183803361603,0.0
Palencia_ES,6.888888888888889,2000.0,3017.0,2836.8259869996473,58.89280944989558
Palencia_ES,6.888888888888889,4444.444444444444,2983.0,2781.6117071439567,0.0
Palencia_ES,6.888888888888889,6888.888888888889,2982.0,2780.6730404772898,0.0
Palencia_ES,6.888888888888889,9333.333333333332,2982.0,2779.7343738106233,0.0
Palencia_ES,6.888888888888889,11777.777777777777,2981.0,2778.795707143957,0.0
Palencia_ES,6.888888888888889,14222.222222222223,2981.0,2777.8570404772904,0.0
Palencia_ES,6.888888888888889,16666.666666666664,2980.0,2776.9183738106235,0.0
Palencia_ES,6.888888888888889,19111.11111111111,2979.0,2775.9797071439566,0.0
Palencia_ES,6.888888888888889,21555.555555555555,2979.0,2775.04104047729,0.0
Palencia_ES,6.888888888888889,24000.0,2978.0,2774.1023738106232,0.0
Palencia_ES,9.777777777777779,2000.0,2661.0,2265.31273342214,212.4063443940117
Palencia_ES,9.777777777777779,4444.444444444444,2435.0,2074.238167382209,6.095689692119005
Palencia_ES,9.777777777777779,6888.888888888889,2424.0,2067.681713095286,0.0
Palencia_ES,9.777777777777779,9333.333333333332,2424.0,2066.743046428619,0.0
Palencia_ES,9.777777777777779,11777.777777777777,2423.0,2065.8043797619525,0.0
Palencia_ES,9.777777777777779,14222.222222222223,2422.0,2064.865713095286,0.0
Palencia_ES,9.777777777777779,16666.666666666664,2422.0,2063.927046428619,0.0
Palencia_ES,9.777777777777779,19111.11111111111,2421.0,2062.9883797619527,0.0
Palencia_ES,9.777777777777779,21555.555555555555,2421.0,2062.049713095286,0.0
Palencia_ES,9.777777777777779,24000.0,2420.0,2061.1110464286194,0.0
Palencia_ES,12.666666666666666,2000.0,2244.0,1725.3028109093605,399.85756121890284
Palencia_ES,12.666666666666666,4444.444444444444,1869.0,1500.5192050374624,156.9702573937819
Palencia_ES,12.666666666666666,6888.888888888889,1822.0,1473.3849912352143,128.54626961645874
Palencia_ES,12.666666666666666,9333.333333333332,1817.0,1469.9573488296564,125.84555809422399
Palencia_ES,12.666666666666666,11777.777777777777,1812.0,1467.0240154963233,123.68120624237196
Palencia_ES,12.666666666666666,14222.222222222223,1807.0,1464.0906821629899,121.51685439052005
Palencia_ES,12.666666666666666,16666.666666666664,1804.0,1461.1573488296565,119.35250253866819
Palencia_ES,12.666666666666666,19111.11111111111,1800.0,1458.224015496323,117.18815068681674
Palencia_ES,12.666666666666666,21555.555555555555,1797.0,1455.2906821629897,115.02379883496504
Palencia_ES,12.666666666666666,24000.0,1795.0,1452.3573488296563,112.8594469831132
Palencia_ES,15.555555555555555,2000.0,1748.0,1283.3905399396472,687.0789549632458
Palencia_ES,15.555555555555555,4444.444444444444,1487.0,1150.919650964857,544.3573595768274
Palencia_ES,15.555555555555555,6888.888888888889,1467.0,1142.2003757247555,535.9148589546106
Palencia_ES,15.555555555555555,9333.333333333332,1460.0,1138.650096648973,533.0810781287468
Palencia_ES,15.555555555555555,11777.777777777777,1456.0,1135.7167633156394,530.9167262768948
Palencia_ES,15.555555555555555,14222.222222222223,1452.0,1132.7834299823062,528.7523744250428
Palencia_ES,15.555555555555555,16666.666666666664,1449.0,1129.850096648973,526.588022573191
Palencia_ES,15.555555555555555,19111.11111111111,1447.0,1126.9167633156396,524.4236707213403
Palencia_ES,15.555555555555555,21555.555555555555,1444.0,1123.9834299823062,522.2593188694884
Palencia_ES,15.555555555555555,24000.0,1441.0,1121.0500966489728,520.0949670176366
Palencia_ES,18.444444444444443,2000.0,1362.0,990.7265740923365,1127.3634354068176
Palencia_ES,18.444444444444443,4444.444444444444,1206.0,917.3371293002956,1048.7493098367497
Palencia_ES,18.444444444444443,6888.888888888889,1190.0,909.6187256561623,1041.3928244011306
Palencia_ES,18.444444444444443,9333.333333333332,1186.0,906.6853923228288,1039.2284725492782
Palencia_ES,18.444444444444443,11777.777777777777,1182.0,903.7520589894955,1037.0641206974262
Palencia_ES,18.444444444444443,14222.222222222223,1180.0,900.8187256561622,1034.8997688455743
Palencia_ES,18.444444444444443,16666.666666666664,1175.0,897.885392322829,1032.7354169937225
Palencia_ES,18.444444444444443,19111.11111111111,1172.0,894.9520589894955,1030.571065141872
Palencia_ES,18.444444444444443,21555.555555555555,1167.0,892.0187256561622,1028.4067132900202
Palencia_ES,18.444444444444443,24000.0,1159.0,889.0853923228287,1026.2423614381685
Palencia_ES,21.333333333333332,2000.0,1103.0,790.4488669866278,1661.8281891456013
Palencia_ES,21.333333333333332,4444.444444444444,1020.0,747.1122590393907,1615.8234785547047
Palencia_ES,21.333333333333332,6888.888888888889,1013.0,741.7518398343441,1611.0255699844142
Palencia_ES,21.333333333333332,9333.333333333332,1009.0,738.6013192509159,1608.625554883761
Palencia_ES,21.333333333333332,11777.777777777777,1004.0,735.6679859175827,1606.461203031909
Palencia_ES,21.333333333333332,14222.222222222223,1000.0,732.7346525842491,1604.296851180057
Palencia_ES,21.333333333333332,16666.666666666664,996.0,729.8013192509159,1602.1324993282053
Palencia_ES,21.333333333333332,19111.11111111111,990.0,726.8679859175828,1599.968147476355
Palencia_ES,21.333333333333332,21555.555555555555,984.0,723.9346525842495,1597.803795624503
Palencia_ES,21.333333333333332,24000.0,980.0,721.001319250916,1595.6394437726512
Palencia_ES,24.22222222222222,2000.0,933.0,635.0614086171161,2240.5604483653055
Palencia_ES,24.22222222222222,4444.444444444444,857.0,600.5197189792385,2204.098834898279
Palencia_ES,24.22222222222222,6888.888888888889,850.0,594.9250668438453,2199.046767332387
Palencia_ES,24.22222222222222,9333.333333333332,844.0,591.991733510512,2196.8824154805347
Palencia_ES,24.22222222222222,11777.777777777777,838.0,589.0584001771787,2194.718063628683
Palencia_ES,24.22222222222222,14222.222222222223,832.0,586.1250668438454,2192.5537117768313
Palencia_ES,24.22222222222222,16666.666666666664,828.0,583.191733510512,2190.389359924979
Palencia_ES,24.22222222222222,19111.11111111111,826.0,580.2584001771788,2188.2250080731287
Palencia_ES,24.22222222222222,21555.555555555555,818.0,577.3250668438454,2186.060656221277
Palencia_ES,24.22222222222222,24000.0,810.0,574.391733510512,2183.8963043694253
Palencia_ES,27.11111111111111,2000.0,778.0,509.0980721702672,2847.5692678569408
Palencia_ES,27.11111111111111,4444.444444444444,720.0,482.99472574949107,2820.263842776527
Palencia_ES,27.11111111111111,6888.888888888889,713.0,478.3669160175238,2816.2608663601854
Palencia_ES,27.11111111111111,9333.333333333332,708.0,475.4335826841904,2814.096514508333
Palencia_ES,27.11111111111111,11777.777777777777,702.0,472.5002493508572,2811.9321626564806
Palencia_ES,27.11111111111111,14222.222222222223,699.0,469.5669160175238,2809.767810804629
Palencia_ES,27.11111111111111,16666.666666666664,696.0,466.6335826841905,2807.603458952777
Palencia_ES,27.11111111111111,19111.11111111111,689.0,463.7002493508572,2805.4391071009263
Palencia_ES,27.11111111111111,21555.555555555555,685.0,460.7669160175238,2803.2747552490746
Palencia_ES,27.11111111111111,24000.0,682.0,457.83358268419045,2801.110403397223
Palencia_ES,30.0,2000.0,661.0,410.52042684092964,3482.027948799975
Palencia_ES,30.0,4444.444444444444,624.0,393.0333194308493,3464.0717413960974
Palencia_ES,30.0,6888.888888888889,619.0,390.0999860975159,3461.9073895442457
Palencia_ES,30.0,9333.333333333332,614.0,387.1666527641826,3459.743037692393
Palencia_ES,30.0,11777.777777777777,610.0,384.23331943084924,3457.578685840541
Palencia_ES,30.0,14222.222222222223,606.0,381.2999860975159,3455.4143339886896
Palencia_ES,30.0,16666.666666666664,604.0,378.3666527641826,3453.2499821368374
Palencia_ES,30.0,19111.11111111111,599.0,375.4333194308493,3451.0856302849875
Palencia_ES,30.0,21555.555555555555,594.0,372.499986097516,3448.9212784331357
Palencia_ES,30.0,24000.0,591.0,369.56665276418266,3446.756926581284
Beauce_FR,4.0,2000.0,3080.0,3575.261369277444,0.6525904602016989
Beauce_FR,4.0,4444.444444444444,3078.0,3573.721275242655,0.0
Beauce_FR,4.0,6888.888888888889,3078.0,3572.7826085759884,0.0
Beauce_FR,4.0,9333.333333333332,3077.0,3571.8439419093215,0.0
Beauce_FR,4.0,11777.777777777777,3077.0,3570.905275242655,0.0
Beauce_FR,4.0,14222.222222222223,3076.0,3569.9666085759886,0.0
Beauce_FR,4.0,16666.666666666664,3076.0,3569.027941909322,0.0
Beauce_FR,4.0,19111.11111111111,3075.0,3568.0892752426553,0.0
Beauce_FR,4.0,21555.555555555555,3075.0,3567.1506085759884,0.0
Beauce_FR,4.0,24000.0,3074.0,3566.211941909322,0.0
Beauce_FR,6.888888888888889,2000.0,2723.0,3066.4202002016987,54.93137232262932
Beauce_FR,6.888888888888889,4444.444444444444,2702.0,3014.856780802497,0.0
Beauce_FR,6.888888888888889,6888.888888888889,2702.0,3013.91811413583,0.0
Beauce_FR,6.888888888888889,9333.333333333332,2701.0,3012.9794474691635,0.0
Beauce_FR,6.888888888888889,11777.777777777777,2701.0,3012.0407808024966,0.0
Beauce_FR,6.888888888888889,14222.222222222223,2700.0,3011.1021141358297,0.0
Beauce_FR,6.888888888888889,16666.666666666664,2700.0,3010.1634474691637,0.0
Beauce_FR,6.888888888888889,19111.11111111111,2699.0,3009.2247808024968,0.0
Beauce_FR,6.888888888888889,21555.555555555555,2699.0,3008.28611413583,0.0
Beauce_FR,6.888888888888889,24000.0,2698.0,3007.347447469164,0.0
Beauce_FR,9.777777777777779,2000.0,2528.0,2636.1565476980136,194.33115716381187
Beauce_FR,9.777777777777779,4444.444444444444,2365.0,2460.735383262103,5.005530244059952
Beauce_FR,9.777777777777779,6888.888888888889,2361.0,2455.183619922511,0.0
Beauce_FR,9.777777777777779,9333.333333333332,2360.0,2454.2449532558444,0.0
Beauce_FR,9.777777777777779,11777.777777777777,2360.0,2453.3062865891775,0.0
Beauce_FR,9.777777777777779,14222.222222222223,2359.0,2452.3676199225115,0.0
Beauce_FR,9.777777777777779,16666.666666666664,2359.0,2451.428953255844,0.0
Beauce_FR,9.777777777777779,19111.11111111111,2358.0,2450.4902865891777,0.0
Beauce_FR,9.777777777777779,21555.555555555555,2358.0,2449.5516199225112,0.0
Beauce_FR,9.777777777777779,24000.0,2357.0,2448.6129532558443,0.0
Beauce_FR,12.666666666666666,2000.0,2330.0,2227.5613319894965,357.1473145624126
Beauce_FR,12.666666666666666,4444.444444444444,2006.0,1964.076595290857,72.26659621174808
Beauce_FR,12.666666666666666,6888.888888888889,1931.0,1912.0026803694811,16.78130079648198
Beauce_FR,12.666666666666666,9333.333333333332,1917.0,1903.9116499651632,9.020489449204034
Beauce_FR,12.666666666666666,11777.777777777777,1913.0,1900.97831663183,6.856137597352189
Beauce_FR,12.666666666666666,14222.222222222223,1910.0,1898.0449832984968,4.691785745500341
Beauce_FR,12.666666666666666,16666.666666666664,1907.0,1895.1116499651635,2.52743389364848
Beauce_FR,12.666666666666666,19111.11111111111,1902.0,1892.17831663183,0.3630820417966237
Beauce_FR,12.666666666666666,21555.555555555555,1901.0,1890.9050335554437,0.0
Beauce_FR,12.666666666666666,24000.0,1901.0,1889.9663668887772,0.0
Beauce_FR,15.555555555555555,2000.0,2049.0,1838.681418198278,539.5697979092777
Beauce_FR,15.555555555555555,4444.444444444444,1678.0,1586.2723058758677,266.706901147403
Beauce_FR,15.555555555555555,6888.888888888889,1608.0,1549.2894594181898,227.59646300611521
Beauce_FR,15.555555555555555,9333.333333333332,1599.0,1543.674739734241,222.5226207564596
Beauce_FR,15.555555555555555,11777.777777777777,1597.0,1540.7414064009076,220.35826890460763
Beauce_FR,15.555555555555555,14222.222222222223,1589.0,1537.808073067574,218.19391705275572
Beauce_FR,15.555555555555555,16666.666666666664,1584.0,1534.874739734241,216.0295652009039
Beauce_FR,15.555555555555555,19111.11111111111,1580.0,1531.9414064009075,213.8652133490524
Beauce_FR,15.555555555555555,21555.555555555555,1576.0,1529.0080730675745,211.70086149720066
Beauce_FR,15.555555555555555,24000.0,1575.0,1526.0747397342411,209.53650964534881
Beauce_FR,18.444444444444443,2000.0,1719.0,1515.4810087185251,788.705729773238
Beauce_FR,18.444444444444443,4444.444444444444,1431.0,1338.2369148055543,597.4020977785503
Beauce_FR,18.444444444444443,6888.888888888889,1397.0,1322.3706368608414,581.2046029021982
Beauce_FR,18.444444444444443,9333.333333333332,1393.0,1319.437303527508,579.0402510503461
Beauce_FR,18.444444444444443,11777.777777777777,1388.0,1316.5039701941746,576.8758991984942
Beauce_FR,18.444444444444443,14222.222222222223,1382.0,1313.5706368608414,574.7115473466422
Beauce_FR,18.444444444444443,16666.666666666664,1379.0,1310.637303527508,572.5471954947905
Beauce_FR,18.444444444444443,19111.11111111111,1375.0,1307.7039701941749,570.3828436429393
Beauce_FR,18.444444444444443,21555.555555555555,1370.0,1304.7706368608415,568.2184917910874
Beauce_FR,18.444444444444443,24000.0,1365.0,1301.8373035275079,566.0541399392356
Beauce_FR,21.333333333333332,2000.0,1474.0,1279.0086225545158,1127.572700776726
Beauce_FR,21.333333333333332,4444.444444444444,1262.0,1165.3118556411346,1005.2223315854128
Beauce_FR,21.333333333333332,6888.888888888889,1242.0,1154.4865748126172,994.4946686493772
Beauce_FR,21.333333333333332,9333.333333333332,1235.0,1151.553241479284,992.3303167975249
Beauce_FR,21.333333333333332,11777.777777777777,1232.0,1148.6199081459506,990.1659649456731
Beauce_FR,21.333333333333332,14222.222222222223,1228.0,1145.6865748126174,988.0016130938212
Beauce_FR,21.333333333333332,16666.666666666664,1224.0,1142.7532414792838,985.8372612419694
Beauce_FR,21.333333333333332,19111.11111111111,1220.0,1139.8199081459506,983.6729093901182
Beauce_FR,21.333333333333332,21555.555555555555,1218.0,1136.8865748126175,981.5085575382662
Beauce_FR,21.333333333333332,24000.0,1213.0,1133.9532414792839,979.3442056864146
Beauce_FR,24.22222222222222,2000.0,1288.0,1109.7568254078265,1535.3649357802785
Beauce_FR,24.22222222222222,4444.444444444444,1142.0,1033.1483462834171,1453.2579344155406
Beauce_FR,24.22222222222222,6888.888888888889,1133.0,1025.354866212819,1445.8199858435657
Beauce_FR,24.22222222222222,9333.333333333332,1129.0,1022.3434635820822,1443.570923382552
Beauce_FR,24.22222222222222,11777.777777777777,1123.0,1019.4101302487487,1441.4065715307001
Beauce_FR,24.22222222222222,14222.222222222223,1121.0,1016.4767969154154,1439.2422196788482
Beauce_FR,24.22222222222222,16666.666666666664,1118.0,1013.5434635820822,1437.0778678269965
Beauce_FR,24.22222222222222,19111.11111111111,1112.0,1010.6101302487491,1434.9135159751456
Beauce_FR,24.22222222222222,21555.555555555555,1110.0,1007.6767969154156,1432.7491641232937
Beauce_FR,24.22222222222222,24000.0,1107.0,1004.7434635820823,1430.5848122714417
Beauce_FR,27.11111111111111,2000.0,1168.0,978.7726948916753,1981.423312228545
Beauce_FR,27.11111111111111,4444.444444444444,1047.0,917.0088847442869,1915.4238075836645
Beauce_FR,27.11111111111111,6888.888888888889,1036.0,910.9648903732608,1909.8841724877889
Beauce_FR,27.11111111111111,9333.333333333332,1034.0,908.0315570399275,1907.7198206359367
Beauce_FR,27.11111111111111,11777.777777777777,1031.0,905.0982237065944,1905.5554687840847
Beauce_FR,27.11111111111111,14222.222222222223,1026.0,902.164890373261,1903.3911169322328
Beauce_FR,27.11111111111111,16666.666666666664,1021.0,899.2315570399276,1901.2267650803813
Beauce_FR,27.11111111111111,19111.11111111111,1017.0,896.2982237065943,1899.0624132285302
Beauce_FR,27.11111111111111,21555.555555555555,1013.0,893.3648903732612,1896.8980613766782
Beauce_FR,27.11111111111111,24000.0,1009.0,890.4315570399277,1894.7337095248265
Beauce_FR,30.0,2000.0,1058.0,868.4190305235533,2447.5667667432613
Beauce_FR,30.0,4444.444444444444,963.0,822.5896839159441,2398.8572615990097
Beauce_FR,30.0,6888.888888888889,955.0,817.5442725007226,2394.4011583562205
Beauce_FR,30.0,9333.333333333332,952.0,814.6109391673893,2392.2368065043684
Beauce_FR,30.0,11777.777777777777,948.0,811.677605834056,2390.072454652516
Beauce_FR,30.0,14222.222222222223,945.0,808.7442725007227,2387.9081028006644
Beauce_FR,30.0,16666.666666666664,941.0,805.8109391673894,2385.7437509488127
Beauce_FR,30.0,19111.11111111111,937.0,802.877605834056,2383.5793990969614
Beauce_FR,30.0,21555.555555555555,934.0,799.9442725007227,2381.41504724511
Beauce_FR,30.0,24000.0,931.0,797.0109391673894,2379.250695393258
